{"cameraMode":{"drawMode":0,"name":"Shaded","section":"Shading Mode"},"sceneLighting":true,"audioPlay":false,"sceneViewState":{"showFog":true,"showMaterialUpdate":false,"showSkybox":true,"showFlares":true,"showImageEffects":true,"showParticleSystems":true},"in2DMode":false,"pivot":{"x":8.00100040435791,"y":2.2260000705718996,"z":8.87600040435791},"rotation":{"x":-0.036546483635902408,"y":-0.9093949794769287,"z":0.08212906867265701,"w":-0.4065956473350525},"size":0.7071067690849304,"orthographic":false}